{
  "WorkflowName": "QXFAASMapWF",
  "Nodes": [
    {
      "NodeId": "1",
      "NodeName": "Splitter",
      "Path": "examples/QuantumMap/Splitter",
      "EntryPoint": "Splitter.py",
      "CSP": "NA",
      "MemoryInMB": 512,
      "IsAsync": false,
      "IsContainerised": true
    },
    {
      "NodeId": "2",
      "NodeName": "Transpiler",
      "Path": "examples/QuantumMap/Transpiler",
      "EntryPoint": "Transpiler.py",
      "CSP": "NA",
      "MemoryInMB": 512,
      "IsAsync": false,
      "IsContainerised": true
    },
    {
      "NodeId": "3",
      "NodeName": "Submitter",
      "Path": "examples/QuantumMap/Submitter",
      "EntryPoint": "Submitter.py",
      "CSP": "NA",
      "MemoryInMB": 512,
      "IsAsync": false,
      "IsContainerised": true
    },
    {
      "NodeId": "4",
      "NodeName": "Merger",
      "Path": "examples/QuantumMap/Merger",
      "EntryPoint": "Merger.py",
      "CSP": "NA",
      "MemoryInMB": 512,
      "IsAsync": true,
      "IsContainerised": true
    },
    {
      "NodeId": "5",
      "NodeName": "Poller",
      "Path": "examples/QuantumMap/Poller",
      "EntryPoint": "Poller.py",
      "CSP": "NA",
      "MemoryInMB": 512,
      "IsContainerised": true
    },
    {
      "NodeId": "6",
      "NodeName": "Reconstructor",
      "Path": "examples/QuantumMap/Reconstructor",
      "EntryPoint": "Reconstructor.py",
      "CSP": "NA",
      "MemoryInMB": 512,
      "IsAsync": false,
      "IsContainerised": true
    }
  ],
  "Edges": [
    {
      "Splitter": [
        "Transpiler"
      ]
    },
    {
      "Transpiler": [
        "Submitter"
      ]
    },
    {
      "Submitter": [
        "Merger"
      ]
    },
    {
      "Merger":[
        "Poller"
      ]
    },
    {
      "Poller": [ 
        "Reconstructor"
      ]
    }
  ],
  "SubGraphs": [
    {
      "Listname": "List",
      "Nodes": [
        "Transpiler","Submitter"
      ]
    }
  ]
  
}