{
    "WorkflowName": "QXFAASMapWF",
    "Nodes": [
        {
            "NodeId": "1",
            "NodeName": "Splitter",
            "Path": "examples/QuantumMap/Splitter",
            "EntryPoint": "Splitter.py",
            "CSP": "NA",
            "MemoryInMB": 512,
            "IsAsync": false,
            "IsContainerised": true
        },
        {
            "NodeId": "2",
            "NodeName": "Transpiler",
            "Path": "examples/QuantumMap/Transpiler",
            "EntryPoint": "Transpiler.py",
            "CSP": "NA",
            "MemoryInMB": 512,
            "IsAsync": false,
            "IsContainerised": true
        },
        {
            "NodeId": "3",
            "NodeName": "Submitter",
            "Path": "examples/QuantumMap/Submitter",
            "EntryPoint": "Submitter.py",
            "CSP": "NA",
            "MemoryInMB": 512,
            "IsAsync": false,
            "IsContainerised": true
        },
        {
            "NodeId": "4",
            "NodeName": "Merger",
            "Path": "examples/QuantumMap/Merger",
            "EntryPoint": "Merger.py",
            "CSP": "NA",
            "MemoryInMB": 512,
            "IsAsync": true,
            "IsContainerised": true
        },
        {
            "NodeId": "5",
            "NodeName": "Poller",
            "Path": "examples/QuantumMap/Poller",
            "EntryPoint": "Poller.py",
            "CSP": "NA",
            "MemoryInMB": 512,
            "IsContainerised": true
        },
        {
            "NodeId": "6",
            "NodeName": "Reconstructor",
            "Path": "examples/QuantumMap/Reconstructor",
            "EntryPoint": "Reconstructor.py",
            "CSP": "NA",
            "MemoryInMB": 512,
            "IsAsync": false,
            "IsContainerised": true
        },
        {
            "NodeId": "253",
            "NodeName": "CollectLogs",
            "Path": "/home/tarun/XFAAS2/qxfaas/serwo/examples/QuantumMap/CollectLogs",
            "EntryPoint": "func.py",
            "CSP": "NA",
            "MemoryInMB": 128
        }
    ],
    "Edges": [
        {
            "Splitter": [
                "Transpiler"
            ]
        },
        {
            "Transpiler": [
                "Submitter"
            ]
        },
        {
            "Submitter": [
                "Merger"
            ]
        },
        {
            "Merger": [
                "Poller"
            ]
        },
        {
            "Poller": [
                "Reconstructor"
            ]
        },
        {
            "Reconstructor": [
                "CollectLogs"
            ]
        }
    ],
    "SubGraphs": [
        {
            "Listname": "List",
            "Nodes": [
                "Transpiler",
                "Submitter"
            ]
        }
    ]
}